-- MySQL dump 10.13  Distrib 8.0.41, for Win64 (x86_64)
--
-- Host: localhost    Database: seguridad_accesos
-- ------------------------------------------------------
-- Server version	9.0.1

/*!40101 SET @OLD_CHARACTER_SET_CLIENT=@@CHARACTER_SET_CLIENT */;
/*!40101 SET @OLD_CHARACTER_SET_RESULTS=@@CHARACTER_SET_RESULTS */;
/*!40101 SET @OLD_COLLATION_CONNECTION=@@COLLATION_CONNECTION */;
/*!50503 SET NAMES utf8 */;
/*!40103 SET @OLD_TIME_ZONE=@@TIME_ZONE */;
/*!40103 SET TIME_ZONE='+00:00' */;
/*!40014 SET @OLD_UNIQUE_CHECKS=@@UNIQUE_CHECKS, UNIQUE_CHECKS=0 */;
/*!40014 SET @OLD_FOREIGN_KEY_CHECKS=@@FOREIGN_KEY_CHECKS, FOREIGN_KEY_CHECKS=0 */;
/*!40101 SET @OLD_SQL_MODE=@@SQL_MODE, SQL_MODE='NO_AUTO_VALUE_ON_ZERO' */;
/*!40111 SET @OLD_SQL_NOTES=@@SQL_NOTES, SQL_NOTES=0 */;

--
-- Table structure for table `bitacoras`
--

DROP TABLE IF EXISTS `bitacoras`;
/*!40101 SET @saved_cs_client     = @@character_set_client */;
/*!50503 SET character_set_client = utf8mb4 */;
CREATE TABLE `bitacoras` (
  `id` bigint NOT NULL AUTO_INCREMENT,
  `descripcion` varchar(255) DEFAULT NULL,
  `fecha_hora` datetime(6) DEFAULT NULL,
  `usuario_id` bigint DEFAULT NULL,
  `dispositivo` varchar(255) DEFAULT NULL,
  `entidad_afectada` varchar(255) DEFAULT NULL,
  `ip_origen` varchar(255) DEFAULT NULL,
  `recurso_id` varchar(255) DEFAULT NULL,
  `rol_usuario` varchar(255) DEFAULT NULL,
  `tipo_accion` varchar(255) DEFAULT NULL,
  PRIMARY KEY (`id`),
  KEY `FKarw7bprt4apn5tklg6682q3x2` (`usuario_id`),
  CONSTRAINT `FKarw7bprt4apn5tklg6682q3x2` FOREIGN KEY (`usuario_id`) REFERENCES `usuarios` (`id`)
) ENGINE=InnoDB AUTO_INCREMENT=224 DEFAULT CHARSET=utf8mb4 COLLATE=utf8mb4_0900_ai_ci;
/*!40101 SET character_set_client = @saved_cs_client */;

--
-- Dumping data for table `bitacoras`
--

LOCK TABLES `bitacoras` WRITE;
/*!40000 ALTER TABLE `bitacoras` DISABLE KEYS */;
INSERT INTO `bitacoras` VALUES (7,'Salida registrada - folio A2D7E904','2026-01-12 05:02:21.186071',26,NULL,NULL,NULL,NULL,NULL,NULL),(13,'Salida registrada - folio 20C0AA3E','2026-01-13 23:39:14.450043',27,NULL,NULL,NULL,NULL,NULL,NULL),(21,'Ingreso registrado - folio 291A881B','2026-01-23 17:06:44.771251',27,NULL,NULL,NULL,NULL,NULL,NULL),(23,'Ingreso registrado - folio 929695D7','2026-01-23 17:14:02.286428',27,NULL,NULL,NULL,NULL,NULL,NULL),(26,'Ingreso registrado - folio 79E0F71C','2026-01-23 18:49:34.797513',27,NULL,NULL,NULL,NULL,NULL,NULL),(27,'Ingreso registrado - folio D61C8500','2026-01-23 18:55:03.748109',27,NULL,NULL,NULL,NULL,NULL,NULL),(28,'Ingreso registrado - folio 8007D2EC','2026-01-23 19:10:56.037544',27,NULL,NULL,NULL,NULL,NULL,NULL),(29,'Ingreso registrado - folio DD9D9C7A','2026-01-23 19:41:48.888648',27,NULL,NULL,NULL,NULL,NULL,NULL),(30,'Ingreso registrado - folio A4541208','2026-01-23 19:48:14.682958',27,NULL,NULL,NULL,NULL,NULL,NULL),(31,'Ingreso registrado - folio 4B560A72','2026-01-23 20:02:12.611915',27,NULL,NULL,NULL,NULL,NULL,NULL),(32,'Ingreso registrado - folio 3669976D','2026-01-23 20:18:27.962367',27,NULL,NULL,NULL,NULL,NULL,NULL),(33,'Ingreso registrado - folio D55F58A5','2026-01-23 20:26:36.762140',27,NULL,NULL,NULL,NULL,NULL,NULL),(34,'Ingreso registrado - folio 7B2C815F','2026-01-23 20:34:47.421707',27,NULL,NULL,NULL,NULL,NULL,NULL),(35,'Ingreso registrado - folio F8B93E01','2026-01-24 18:32:15.522795',27,NULL,NULL,NULL,NULL,NULL,NULL),(36,'Ingreso registrado - folio 87DD265E','2026-01-24 18:32:15.481819',27,NULL,NULL,NULL,NULL,NULL,NULL),(37,'Ingreso registrado - folio 8319DC36','2026-01-24 18:39:38.117472',27,NULL,NULL,NULL,NULL,NULL,NULL),(38,'Ingreso registrado - folio A22BADA2','2026-01-24 18:43:52.540159',27,NULL,NULL,NULL,NULL,NULL,NULL),(39,'Ingreso registrado - folio 8A8B19D3','2026-01-24 18:44:50.344942',27,NULL,NULL,NULL,NULL,NULL,NULL),(40,'Ingreso registrado - folio E78CA4E9','2026-01-24 18:45:53.251448',27,NULL,NULL,NULL,NULL,NULL,NULL),(41,'Salida registrada - folio E78CA4E9','2026-01-24 18:48:50.616437',27,NULL,NULL,NULL,NULL,NULL,NULL),(42,'Salida registrada - folio F8B93E01','2026-01-24 18:49:02.794536',27,NULL,NULL,NULL,NULL,NULL,NULL),(43,'Salida registrada - folio 9B6105DA','2026-01-24 18:50:27.579922',27,NULL,NULL,NULL,NULL,NULL,NULL),(44,'Salida registrada - folio 3669976D','2026-01-24 18:50:51.874174',27,NULL,NULL,NULL,NULL,NULL,NULL),(45,'Salida registrada - folio 0D72E488','2026-01-24 18:51:00.131162',27,NULL,NULL,NULL,NULL,NULL,NULL),(46,'Salida registrada - folio AEEC6D5C','2026-01-24 19:57:24.546302',27,NULL,NULL,NULL,NULL,NULL,NULL),(47,'Salida registrada - folio 46346A4D','2026-01-24 20:04:33.802940',27,NULL,NULL,NULL,NULL,NULL,NULL),(48,'Ingreso registrado - folio DC3EAF3F','2026-01-25 21:15:16.526056',27,NULL,NULL,NULL,NULL,NULL,NULL),(49,'Ingreso registrado - folio 536C4587','2026-01-25 21:16:07.277431',27,NULL,NULL,NULL,NULL,NULL,NULL),(50,'Salida registrada - folio A22BADA2','2026-01-25 21:48:54.074348',27,NULL,NULL,NULL,NULL,NULL,NULL),(51,'Salida registrada - folio 8A8B19D3','2026-01-25 21:51:21.653636',27,NULL,NULL,NULL,NULL,NULL,NULL),(52,'Salida registrada - folio 8A8B19D3','2026-01-25 21:51:21.793556',27,NULL,NULL,NULL,NULL,NULL,NULL),(53,'Ingreso registrado - folio F8F7C5DE','2026-01-25 22:12:07.728677',27,NULL,NULL,NULL,NULL,NULL,NULL),(54,'Salida registrada - folio 536C4587','2026-01-27 02:32:57.548350',27,NULL,NULL,NULL,NULL,NULL,NULL),(55,'Salida registrada - folio 536C4587','2026-01-27 02:33:16.196150',27,NULL,NULL,NULL,NULL,NULL,NULL),(56,'Salida registrada - folio 8319DC36','2026-01-27 02:44:37.735893',27,NULL,NULL,NULL,NULL,NULL,NULL),(57,'Salida registrada - folio DC3EAF3F','2026-01-27 02:55:34.578709',27,NULL,NULL,NULL,NULL,NULL,NULL),(58,'Salida registrada - folio D55F58A5','2026-01-27 02:59:52.298737',27,NULL,NULL,NULL,NULL,NULL,NULL),(59,'Salida registrada - folio A4541208','2026-01-27 09:37:24.312767',27,NULL,NULL,NULL,NULL,NULL,NULL),(60,'Salida registrada - folio 7B2C815F','2026-01-27 09:46:21.672075',27,NULL,NULL,NULL,NULL,NULL,NULL),(61,'Salida registrada - folio 8007D2EC','2026-01-27 09:57:31.422912',27,NULL,NULL,NULL,NULL,NULL,NULL),(62,'Ingreso registrado - folio C9397581','2026-01-27 10:43:25.633377',27,NULL,NULL,NULL,NULL,NULL,NULL),(63,'Salida registrada - folio 87DD265E','2026-01-28 03:57:24.688561',27,NULL,NULL,NULL,NULL,NULL,NULL),(64,'Ingreso registrado - folio 1E2BFA25','2026-01-29 07:40:55.020439',27,NULL,NULL,NULL,NULL,NULL,NULL),(65,'Salida registrada - folio 1E2BFA25','2026-01-29 07:41:21.948500',27,NULL,NULL,NULL,NULL,NULL,NULL),(66,'Ingreso registrado - folio 1C1644F1','2026-01-29 07:54:01.292516',27,NULL,NULL,NULL,NULL,NULL,NULL),(67,'Ingreso registrado - folio BC528657','2026-01-29 07:56:30.836968',27,NULL,NULL,NULL,NULL,NULL,NULL),(68,'Ingreso registrado - folio ABDF1CAD','2026-01-29 08:05:20.355309',27,NULL,NULL,NULL,NULL,NULL,NULL),(69,'Ingreso registrado - folio 6726CA73','2026-01-29 08:05:55.284269',27,NULL,NULL,NULL,NULL,NULL,NULL),(70,'Ingreso registrado - folio 4153D70C','2026-01-29 08:14:19.378476',27,NULL,NULL,NULL,NULL,NULL,NULL),(71,'Ingreso registrado - folio 5AB95248','2026-01-29 09:03:10.906173',27,NULL,NULL,NULL,NULL,NULL,NULL),(72,'Ingreso registrado - folio FE28221B','2026-01-29 09:32:50.717793',27,NULL,NULL,NULL,NULL,NULL,NULL),(73,'Ingreso registrado - folio 273D9532','2026-01-29 09:48:41.450739',27,NULL,NULL,NULL,NULL,NULL,NULL),(74,'Salida registrada - folio 5AB95248','2026-01-30 01:00:00.866030',27,NULL,NULL,NULL,NULL,NULL,NULL),(75,'Ingreso registrado - folio 14CB8DF7','2026-01-30 09:40:27.469340',27,NULL,NULL,NULL,NULL,NULL,NULL),(76,'Registro eliminado - ID 7','2026-01-31 18:29:05.214930',27,NULL,NULL,NULL,NULL,NULL,NULL),(77,'Registro eliminado - ID 9','2026-01-31 18:39:19.185734',27,NULL,NULL,NULL,NULL,NULL,NULL),(78,'Registro eliminado - ID 12','2026-01-31 18:39:26.560521',27,NULL,NULL,NULL,NULL,NULL,NULL),(79,'Registro eliminado - ID 13','2026-01-31 18:39:36.998674',27,NULL,NULL,NULL,NULL,NULL,NULL),(80,'Registro eliminado - ID 8','2026-01-31 18:43:52.417119',27,NULL,NULL,NULL,NULL,NULL,NULL),(81,'Registro eliminado - ID 11','2026-02-01 08:44:21.955158',27,NULL,NULL,NULL,NULL,NULL,NULL),(82,'Registro eliminado - ID 15','2026-02-01 09:53:13.771642',27,NULL,NULL,NULL,NULL,NULL,NULL),(83,'Ingreso registrado - folio C2962587','2026-02-01 09:56:08.737267',105,NULL,NULL,NULL,NULL,NULL,NULL),(84,'Ingreso registrado - folio 3CA66163','2026-02-01 09:57:16.445661',105,NULL,NULL,NULL,NULL,NULL,NULL),(85,'Registro eliminado - ID 16','2026-02-01 09:58:53.130948',27,NULL,NULL,NULL,NULL,NULL,NULL),(86,'Registro eliminado - folio C82E4A8F','2026-02-01 10:08:22.827686',27,NULL,NULL,NULL,NULL,NULL,NULL),(87,'Usuario eliminado: cdi','2026-02-01 23:41:32.685905',27,NULL,NULL,NULL,NULL,NULL,NULL),(88,'Usuario eliminado: oo','2026-02-01 23:43:27.652437',27,NULL,NULL,NULL,NULL,NULL,NULL),(89,'Registro eliminado - folio FC4F41AC','2026-02-01 23:45:02.741377',27,NULL,NULL,NULL,NULL,NULL,NULL),(90,'Usuario creado: Abanillo','2026-02-01 23:45:51.281449',27,NULL,NULL,NULL,NULL,NULL,NULL),(91,'Usuario eliminado: Abanillo','2026-02-01 23:46:28.129768',27,NULL,NULL,NULL,NULL,NULL,NULL),(92,'Salida registrada - folio C2962587','2026-02-01 23:48:08.079665',27,NULL,NULL,NULL,NULL,NULL,NULL),(93,'Usuario eliminado: ght ','2026-02-02 07:16:26.233631',27,NULL,NULL,NULL,NULL,NULL,NULL),(94,'Salida registrada - folio 14CB8DF7','2026-02-02 07:17:01.772958',27,NULL,NULL,NULL,NULL,NULL,NULL),(95,'Usuario eliminado: t','2026-02-02 07:19:22.439299',26,NULL,NULL,NULL,NULL,NULL,NULL),(99,'Registro eliminado - folio 5F0581EB','2026-02-02 07:43:44.183556',27,NULL,NULL,NULL,NULL,NULL,NULL),(100,'Registro eliminado - folio 20C0AA3E','2026-02-02 07:54:21.958340',27,NULL,NULL,NULL,NULL,NULL,NULL),(101,'Registro eliminado - folio AEEC6D5C','2026-02-02 08:06:50.346916',27,NULL,NULL,NULL,NULL,NULL,NULL),(102,'Usuario eliminado: bb','2026-02-02 08:33:43.010278',27,NULL,NULL,NULL,NULL,NULL,NULL),(103,'Usuario eliminado: 01','2026-02-02 08:34:35.635188',27,NULL,NULL,NULL,NULL,NULL,NULL),(104,'Usuario eliminado: 88','2026-02-02 08:40:07.614544',27,NULL,NULL,NULL,NULL,NULL,NULL),(105,'Usuario eliminado: test','2026-02-02 08:42:54.363936',27,NULL,NULL,NULL,NULL,NULL,NULL),(106,'Usuario eliminado: usuario','2026-02-02 08:43:27.833918',27,NULL,NULL,NULL,NULL,NULL,NULL),(109,'Usuario eliminado: ert','2026-02-02 08:57:49.746418',27,NULL,NULL,NULL,NULL,NULL,NULL),(113,'Usuario desactivado: guardia','2026-02-02 09:12:15.811513',27,NULL,NULL,NULL,NULL,NULL,NULL),(114,'Usuario activado: guardia','2026-02-02 09:12:39.824944',27,NULL,NULL,NULL,NULL,NULL,NULL),(115,'Usuario desactivado: yyy','2026-02-02 09:13:35.244173',26,NULL,NULL,NULL,NULL,NULL,NULL),(116,'Usuario desactivado: adminsys','2026-02-02 09:13:51.915123',26,NULL,NULL,NULL,NULL,NULL,NULL),(117,'Usuario activado: 11','2026-02-02 09:16:58.910322',26,NULL,NULL,NULL,NULL,NULL,NULL),(118,'Usuario desactivado: guardia','2026-02-02 09:17:16.288088',27,NULL,NULL,NULL,NULL,NULL,NULL),(119,'Usuario activado: guardia','2026-02-02 09:17:22.089931',27,NULL,NULL,NULL,NULL,NULL,NULL),(120,'Usuario desactivado: daineris','2026-02-02 09:17:29.250172',27,NULL,NULL,NULL,NULL,NULL,NULL),(121,'Usuario activado: daineris','2026-02-02 09:17:34.713910',27,NULL,NULL,NULL,NULL,NULL,NULL),(122,'Usuario activado: yyy','2026-02-02 09:17:40.560626',27,NULL,NULL,NULL,NULL,NULL,NULL),(123,'Usuario desactivado: guardia','2026-02-02 09:17:44.340858',27,NULL,NULL,NULL,NULL,NULL,NULL),(124,'Usuario activado: guardia','2026-02-02 09:18:58.436170',27,NULL,NULL,NULL,NULL,NULL,NULL),(127,'Usuario desactivado: guardia','2026-02-02 09:26:40.302283',27,NULL,NULL,NULL,NULL,NULL,NULL),(128,'Usuario activado: guardia','2026-02-02 09:26:55.142535',27,NULL,NULL,NULL,NULL,NULL,NULL),(129,'Usuario desactivado: guardia','2026-02-02 09:33:25.801545',27,NULL,NULL,NULL,NULL,NULL,NULL),(131,'Usuario activado: guardia','2026-02-02 09:40:23.108988',27,NULL,NULL,NULL,NULL,NULL,NULL),(132,'Usuario desactivado: guardia','2026-02-02 09:40:27.978901',27,NULL,NULL,NULL,NULL,NULL,NULL),(133,'Usuario editado: san','2026-02-02 09:42:35.409921',27,NULL,NULL,NULL,NULL,NULL,NULL),(134,'Usuario creado: gerente','2026-02-02 09:44:49.361212',27,NULL,NULL,NULL,NULL,NULL,NULL),(135,'Usuario desactivado: gerente','2026-02-02 09:44:56.281529',27,NULL,NULL,NULL,NULL,NULL,NULL),(136,'Usuario activado: gerente','2026-02-02 09:45:13.838478',27,NULL,NULL,NULL,NULL,NULL,NULL),(137,'Usuario editado: gerente','2026-02-02 09:45:49.752461',27,NULL,NULL,NULL,NULL,NULL,NULL),(138,'Usuario editado: gerente','2026-02-02 09:46:05.558563',27,NULL,NULL,NULL,NULL,NULL,NULL),(139,'Usuario editado: Aban1','2026-02-02 09:49:52.532530',107,NULL,NULL,NULL,NULL,NULL,NULL),(140,'Usuario editado: Aban1','2026-02-02 09:50:15.085089',107,NULL,NULL,NULL,NULL,NULL,NULL),(141,'Usuario editado: Daineris','2026-02-02 09:50:49.744664',107,NULL,NULL,NULL,NULL,NULL,NULL),(142,'Salida registrada - folio 4153D70C','2026-02-02 09:51:23.458379',104,NULL,NULL,NULL,NULL,NULL,NULL),(143,'Usuario desactivado: Aban1','2026-02-02 09:54:09.902896',27,NULL,NULL,NULL,NULL,NULL,NULL),(144,'Usuario desactivado: jaspe','2026-02-02 10:02:04.729654',27,NULL,NULL,NULL,NULL,NULL,NULL),(145,'Usuario editado: Daineris','2026-02-02 10:07:49.074634',27,NULL,NULL,NULL,NULL,NULL,NULL),(146,'Usuario editado: Daineris','2026-02-02 10:07:58.386065',27,NULL,NULL,NULL,NULL,NULL,NULL),(147,'Usuario editado: Daineris','2026-02-02 10:08:06.451413',27,NULL,NULL,NULL,NULL,NULL,NULL),(148,'Usuario editado: jaspe','2026-02-02 10:08:59.692174',27,NULL,NULL,NULL,NULL,NULL,NULL),(149,'Usuario eliminado: Aban1','2026-02-02 10:10:21.639426',27,NULL,NULL,NULL,NULL,NULL,NULL),(150,'Usuario eliminado: kkkk','2026-02-02 10:11:21.078392',27,NULL,NULL,NULL,NULL,NULL,NULL),(151,'Bitácora eliminada del usuario ID: 90','2026-02-02 10:11:41.153181',27,NULL,NULL,NULL,NULL,NULL,NULL),(152,'Usuario editado: san','2026-02-02 10:12:18.363248',27,NULL,NULL,NULL,NULL,NULL,NULL),(153,'Usuario desactivado: san','2026-02-02 10:12:23.254124',27,NULL,NULL,NULL,NULL,NULL,NULL),(154,'Usuario editado: san','2026-02-02 10:12:28.063247',27,NULL,NULL,NULL,NULL,NULL,NULL),(157,'Usuario eliminado: 11','2026-02-02 10:15:19.049290',27,NULL,NULL,NULL,NULL,NULL,NULL),(158,'Usuario editado: san1','2026-02-02 10:44:19.383257',27,NULL,NULL,NULL,NULL,NULL,NULL),(159,'Usuario activado: san1','2026-02-02 10:44:31.366806',27,NULL,NULL,NULL,NULL,NULL,NULL),(160,'Usuario eliminado: jaspe','2026-02-02 10:45:55.593995',27,NULL,NULL,NULL,NULL,NULL,NULL),(161,'Usuario eliminado: q','2026-02-02 10:54:07.528003',27,NULL,NULL,NULL,NULL,NULL,NULL),(162,'Usuario eliminado: ddd','2026-02-02 10:55:22.374683',27,NULL,NULL,NULL,NULL,NULL,NULL),(163,'Registro eliminado - folio A2D7E904','2026-02-04 04:49:22.024204',27,NULL,NULL,NULL,NULL,NULL,NULL),(164,'Salida registrada - folio 6726CA73','2026-02-04 04:49:41.915554',27,NULL,NULL,NULL,NULL,NULL,NULL),(165,'Usuario editado: san1','2026-02-04 04:52:00.441382',27,NULL,NULL,NULL,NULL,NULL,NULL),(166,'Usuario desactivado: san1','2026-02-04 04:52:08.288581',27,NULL,NULL,NULL,NULL,NULL,NULL),(167,'Usuario editado: san1','2026-02-04 04:52:13.545624',27,NULL,NULL,NULL,NULL,NULL,NULL),(168,'Bitácora eliminada del usuario ID: 99','2026-02-04 04:52:18.873826',27,NULL,NULL,NULL,NULL,NULL,NULL),(170,'Usuario creado: nailan','2026-02-04 04:53:23.627021',27,NULL,NULL,NULL,NULL,NULL,NULL),(171,'Usuario eliminado: nailan','2026-02-04 04:54:03.283683',27,NULL,NULL,NULL,NULL,NULL,NULL),(172,'Bitácora eliminada del usuario ID: 108','2026-02-04 04:54:08.869691',27,NULL,NULL,NULL,NULL,NULL,NULL),(173,'Usuario eliminado: bn','2026-02-04 05:05:38.270477',27,NULL,NULL,NULL,NULL,NULL,NULL),(174,'Usuario eliminado: gggg','2026-02-04 05:06:28.717214',27,NULL,NULL,NULL,NULL,NULL,NULL),(175,'Usuario eliminado: mnh','2026-02-04 05:06:57.439204',27,NULL,NULL,NULL,NULL,NULL,NULL),(176,'Usuario eliminado: d','2026-02-04 05:08:31.664297',27,NULL,NULL,NULL,NULL,NULL,NULL),(177,'Usuario eliminado: h111','2026-02-04 05:09:35.396761',27,NULL,NULL,NULL,NULL,NULL,NULL),(180,'Usuario eliminado: daniel','2026-02-04 05:16:29.297052',27,NULL,NULL,NULL,NULL,NULL,NULL),(183,'Usuario eliminado: guardia10','2026-02-04 05:18:11.298017',27,NULL,NULL,NULL,NULL,NULL,NULL),(184,'Usuario activado: gerenteadmin','2026-02-04 05:19:14.566268',27,NULL,NULL,NULL,NULL,NULL,NULL),(185,'Usuario desactivado: gerenteadmin','2026-02-04 05:19:49.786251',27,NULL,NULL,NULL,NULL,NULL,NULL),(186,'Usuario desactivado: gerenteadmin','2026-02-04 05:20:02.434649',27,NULL,NULL,NULL,NULL,NULL,NULL),(187,'Usuario eliminado: gerenteadmin','2026-02-04 05:20:23.575471',27,NULL,NULL,NULL,NULL,NULL,NULL),(188,'Usuario desactivado: yyy','2026-02-04 05:23:07.317553',27,NULL,NULL,NULL,NULL,NULL,NULL),(189,'Usuario editado: yyy','2026-02-04 05:23:42.673740',27,NULL,NULL,NULL,NULL,NULL,NULL),(190,'Usuario editado: yyy','2026-02-04 05:23:55.301304',27,NULL,NULL,NULL,NULL,NULL,NULL),(191,'Usuario eliminado: yyy','2026-02-04 05:25:39.959628',27,NULL,NULL,NULL,NULL,NULL,NULL),(192,'Bitácora eliminada del usuario ID: 82','2026-02-04 05:26:33.887577',27,NULL,NULL,NULL,NULL,NULL,NULL),(193,'Usuario creado: sarita','2026-02-04 05:27:12.058601',27,NULL,NULL,NULL,NULL,NULL,NULL),(194,'Usuario eliminado: sarita','2026-02-04 05:27:35.469225',27,NULL,NULL,NULL,NULL,NULL,NULL),(195,'Usuario activado: san1','2026-02-04 05:33:48.833548',27,NULL,NULL,NULL,NULL,NULL,NULL),(196,'Usuario desactivado: san1','2026-02-04 05:35:10.105752',27,NULL,NULL,NULL,NULL,NULL,NULL),(197,'Usuario creado: telef','2026-02-04 05:39:08.045537',27,NULL,NULL,NULL,NULL,NULL,NULL),(198,'Usuario editado: telef','2026-02-04 05:39:20.026600',27,NULL,NULL,NULL,NULL,NULL,NULL),(199,'Usuario desactivado: telef','2026-02-04 05:39:23.540016',27,NULL,NULL,NULL,NULL,NULL,NULL),(200,'Bitácora eliminada del usuario ID: 110','2026-02-04 05:39:28.867080',27,NULL,NULL,NULL,NULL,NULL,NULL),(201,'Usuario eliminado: telef','2026-02-04 05:39:42.709304',27,NULL,NULL,NULL,NULL,NULL,NULL),(202,'Bitácora eliminada del usuario ID: 99','2026-02-04 06:01:53.381546',27,NULL,NULL,NULL,NULL,NULL,NULL),(203,'Usuario eliminado: gtnM','2026-02-04 06:02:07.512179',27,NULL,NULL,NULL,NULL,NULL,NULL),(204,'Usuario eliminado: 1111','2026-02-04 06:02:59.236230',27,NULL,NULL,NULL,NULL,NULL,NULL),(205,'Usuario eliminado: 99','2026-02-04 06:03:30.297745',27,NULL,NULL,NULL,NULL,NULL,NULL),(206,'Usuario eliminado: hj','2026-02-04 06:05:10.705254',27,NULL,NULL,NULL,NULL,NULL,NULL),(207,'Usuario eliminado: VVV','2026-02-04 06:05:43.342821',27,NULL,NULL,NULL,NULL,NULL,NULL),(208,'Usuario eliminado: ccc','2026-02-04 06:06:55.984272',27,NULL,NULL,NULL,NULL,NULL,NULL),(209,'Usuario eliminado: nn','2026-02-04 06:32:08.087422',27,NULL,NULL,NULL,NULL,NULL,NULL),(210,'Usuario eliminado: nnnn','2026-02-04 06:32:26.287201',27,NULL,NULL,NULL,NULL,NULL,NULL),(211,'Bitácora eliminada del usuario ID: 66','2026-02-04 06:33:02.268597',27,NULL,NULL,NULL,NULL,NULL,NULL),(212,'Usuario editado: admin1','2026-02-04 06:33:10.494271',27,NULL,NULL,NULL,NULL,NULL,NULL),(213,'Usuario activado: san1','2026-02-04 06:33:16.236294',27,NULL,NULL,NULL,NULL,NULL,NULL),(214,'Usuario desactivado: Daineris','2026-02-04 06:33:46.796737',26,NULL,NULL,NULL,NULL,NULL,NULL),(217,'Usuario eliminado: xx','2026-02-04 06:34:30.097671',26,NULL,NULL,NULL,NULL,NULL,NULL),(218,'Ingreso registrado - folio 529D68AC','2026-02-04 06:40:25.956535',105,NULL,NULL,NULL,NULL,NULL,NULL),(219,'Usuario eliminado: admin1','2026-02-04 06:57:07.208993',27,NULL,NULL,NULL,NULL,NULL,NULL),(220,'Usuario activado: adminsys','2026-02-05 13:18:29.782543',27,NULL,NULL,NULL,NULL,NULL,NULL),(221,'Usuario eliminado: ttttt','2026-02-05 13:18:44.670816',27,NULL,NULL,NULL,NULL,NULL,NULL),(222,'Ingreso registrado - folio 5BB851CA','2026-02-06 00:31:48.733454',27,NULL,NULL,NULL,NULL,NULL,NULL),(223,'Salida registrada - folio 5BB851CA','2026-02-06 00:32:30.468417',27,NULL,NULL,NULL,NULL,NULL,NULL);
/*!40000 ALTER TABLE `bitacoras` ENABLE KEYS */;
UNLOCK TABLES;

--
-- Table structure for table `destinos`
--

DROP TABLE IF EXISTS `destinos`;
/*!40101 SET @saved_cs_client     = @@character_set_client */;
/*!50503 SET character_set_client = utf8mb4 */;
CREATE TABLE `destinos` (
  `id` bigint NOT NULL AUTO_INCREMENT,
  `nombre` varchar(100) NOT NULL,
  `descripcion` varchar(255) DEFAULT NULL,
  `activo` tinyint(1) DEFAULT '1',
  `creado_en` timestamp NULL DEFAULT CURRENT_TIMESTAMP,
  `actualizado_en` timestamp NULL DEFAULT CURRENT_TIMESTAMP ON UPDATE CURRENT_TIMESTAMP,
  `creado_por` varchar(50) NOT NULL,
  PRIMARY KEY (`id`),
  KEY `idx_destinos_activo` (`activo`)
) ENGINE=InnoDB AUTO_INCREMENT=28 DEFAULT CHARSET=utf8mb4 COLLATE=utf8mb4_0900_ai_ci;
/*!40101 SET character_set_client = @saved_cs_client */;

--
-- Dumping data for table `destinos`
--

LOCK TABLES `destinos` WRITE;
/*!40000 ALTER TABLE `destinos` DISABLE KEYS */;
INSERT INTO `destinos` VALUES (2,'Supermercado','Compras',0,'2026-01-10 11:51:30','2026-01-10 12:01:02',''),(3,'Residencia','Hospedaje',0,'2026-01-10 11:51:58','2026-01-10 12:01:05',''),(4,'Clinica','Salud',0,'2026-01-10 12:03:10','2026-01-10 12:03:18',''),(7,'Clinica','Salud',1,'2026-01-10 12:39:32','2026-01-10 12:39:32','00'),(8,'Residencia','Hospedaje',1,'2026-01-10 12:40:49','2026-01-10 12:40:49','000'),(9,'Hospital','Hospital General',1,'2026-01-23 19:44:54','2026-01-23 19:44:54','000'),(10,'Restaurante','Comida clásica',1,'2026-01-25 00:44:48','2026-01-25 00:44:48','000');
/*!40000 ALTER TABLE `destinos` ENABLE KEYS */;
UNLOCK TABLES;

--
-- Table structure for table `registros`
--

DROP TABLE IF EXISTS `registros`;
/*!40101 SET @saved_cs_client     = @@character_set_client */;
/*!50503 SET character_set_client = utf8mb4 */;
CREATE TABLE `registros` (
  `id` bigint NOT NULL AUTO_INCREMENT,
  `folio` varchar(50) NOT NULL,
  `placa` varchar(15) NOT NULL,
  `destino_id` bigint NOT NULL,
  `sospechoso` tinyint(1) DEFAULT '0',
  `ingreso_fecha_hora` timestamp NOT NULL DEFAULT CURRENT_TIMESTAMP,
  `salida_fecha_hora` timestamp NULL DEFAULT NULL,
  `estado` varchar(20) NOT NULL,
  `licencia_foto_url` varchar(255) NOT NULL,
  `placa_foto_url` varchar(255) NOT NULL,
  `usuario_entrada_id` bigint DEFAULT NULL,
  `usuario_salida_id` bigint DEFAULT NULL,
  `tipo_visitante` enum('OTRO','PROVEEDOR','VISITANTE') NOT NULL,
  PRIMARY KEY (`id`),
  UNIQUE KEY `folio` (`folio`),
  KEY `fk_destino` (`destino_id`),
  KEY `idx_registros_placa` (`placa`),
  KEY `idx_registros_estado` (`estado`),
  KEY `idx_registros_ingreso` (`ingreso_fecha_hora`),
  KEY `FK30v16v3xx8w14q4mir9o15crn` (`usuario_entrada_id`),
  KEY `FKk0044vbbxf9rfub3x8akrsvs5` (`usuario_salida_id`),
  CONSTRAINT `FK30v16v3xx8w14q4mir9o15crn` FOREIGN KEY (`usuario_entrada_id`) REFERENCES `usuarios` (`id`),
  CONSTRAINT `fk_destino` FOREIGN KEY (`destino_id`) REFERENCES `destinos` (`id`),
  CONSTRAINT `FKk0044vbbxf9rfub3x8akrsvs5` FOREIGN KEY (`usuario_salida_id`) REFERENCES `usuarios` (`id`)
) ENGINE=InnoDB AUTO_INCREMENT=65 DEFAULT CHARSET=utf8mb4 COLLATE=utf8mb4_0900_ai_ci;
/*!40101 SET character_set_client = @saved_cs_client */;

--
-- Dumping data for table `registros`
--

LOCK TABLES `registros` WRITE;
/*!40000 ALTER TABLE `registros` DISABLE KEYS */;
INSERT INTO `registros` VALUES (10,'4FA4B2DA','Bdhrhrk',7,1,'2026-01-11 14:55:29','2026-01-11 14:56:40','COMPLETADO','licencia_4FA4B2DA_1768125317321833201885397555787.jpg','placa_4FA4B2DA_17681252992247333567128106673832.jpg',NULL,NULL,'OTRO'),(19,'5FD4DEAC','Hdurbrh',8,0,'2026-01-13 15:29:14',NULL,'SALIDA_PENDIENTE','licencia_5FD4DEAC_17683001387375878589342417839980.jpg','placa_5FD4DEAC_17683001203379027434880465957612.jpg',27,NULL,'OTRO'),(23,'BCA404EF','Ddddd',9,1,'2026-01-23 20:36:16',NULL,'SALIDA_PENDIENTE','licencia_BCA404EF_17691825596696695665182530498265.jpg','placa_BCA404EF_17691825470446882369602896291833.jpg',99,NULL,'PROVEEDOR'),(24,'1E19C1DA','Ehdhe577',8,1,'2026-01-23 20:50:40',NULL,'SALIDA_PENDIENTE','licencia_1E19C1DA_17691834311168097421260483828602.jpg','placa_1E19C1DA_17691834131278429863117618969917.jpg',99,NULL,'PROVEEDOR'),(25,'4E944551','Tduf5',9,0,'2026-01-23 21:04:16',NULL,'SALIDA_PENDIENTE','licencia_4E944551_17691842490506766854556381276646.jpg','placa_4E944551_1769184238457257931578310571614.jpg',27,NULL,'PROVEEDOR'),(26,'F6C6CCC0','Ghe62 7',8,1,'2026-01-23 21:08:34',NULL,'SALIDA_PENDIENTE','licencia_F6C6CCC0_17691845095371169894179896364319.jpg','placa_F6C6CCC0_1769184497071112177527535672753.jpg',27,NULL,'PROVEEDOR'),(27,'291A881B','Henej2',8,0,'2026-01-23 22:06:45',NULL,'SALIDA_PENDIENTE','licencia_291A881B_17691879961326995280631176005652.jpg','placa_291A881B_1769187983131522658878184243764.jpg',27,NULL,'PROVEEDOR'),(28,'2F4ED7AC','12738gjbv',7,1,'2026-01-23 22:09:53',NULL,'SALIDA_PENDIENTE','licencia_2F4ED7AC_17691881766524743298921388667287.jpg','placa_2F4ED7AC_17691881597785353032376909815050.jpg',27,NULL,'VISITANTE'),(29,'929695D7','H',8,1,'2026-01-23 22:14:02',NULL,'SALIDA_PENDIENTE','licencia_929695D7_17691884270396615903487326032631.jpg','placa_929695D7_17691883938732852512143981064873.jpg',27,NULL,'PROVEEDOR'),(30,'E371AC7C','6rjrjg6',8,1,'2026-01-23 23:27:14',NULL,'SALIDA_PENDIENTE','licencia_E371AC7C_17691928184125260857992751408763.jpg','placa_E371AC7C_17691927789495005885008989336100.jpg',27,NULL,'PROVEEDOR'),(31,'A042EF49','Hfyfnf',9,1,'2026-01-23 23:46:41',NULL,'SALIDA_PENDIENTE','licencia_A042EF49_17691939786345074816394462443082.jpg','placa_A042EF49_17691939656285380852476651833349.jpg',27,NULL,'PROVEEDOR'),(32,'79E0F71C','Heyeb5',8,1,'2026-01-23 23:49:35',NULL,'SALIDA_PENDIENTE','licencia_79E0F71C_17691941542567571866582487986129.jpg','placa_79E0F71C_17691941422226278995083164976896.jpg',27,NULL,'PROVEEDOR'),(33,'D61C8500','Djfk84',8,0,'2026-01-23 23:55:04',NULL,'SALIDA_PENDIENTE','licencia_D61C8500_17691944976826956687997105560665.jpg','placa_D61C8500_17691944901437091552924242633438.jpg',27,NULL,'PROVEEDOR'),(35,'DD9D9C7A','Hhdbeh63',9,1,'2026-01-24 00:41:49',NULL,'SALIDA_PENDIENTE','licencia_DD9D9C7A_17691972810467536341019457958790.jpg','placa_DD9D9C7A_17691972716339177402005704748960.jpg',27,NULL,'PROVEEDOR'),(36,'A4541208','Hdkf',8,1,'2026-01-24 00:48:14','2026-01-27 14:37:24','COMPLETADO','licencia_A4541208_176919764683828245218249490305.jpg','placa_A4541208_17691976396166429984926013277524.jpg',27,27,'PROVEEDOR'),(37,'4B560A72','Hdyebhe5',8,1,'2026-01-24 01:02:12',NULL,'SALIDA_PENDIENTE','licencia_4B560A72_17691985194638032891809489923529.jpg','placa_4B560A72_17691985074034549615807013374962.jpg',27,NULL,'PROVEEDOR'),(38,'3669976D','Kkkdk4',9,1,'2026-01-24 01:18:28','2026-01-24 23:50:52','COMPLETADO','licencia_3669976D_17691995025305821997779504681333.jpg','placa_3669976D_17691994943994304581702047630867.jpg',27,27,'PROVEEDOR'),(39,'D55F58A5','G1245',9,1,'2026-01-24 01:26:37','2026-01-27 07:59:52','COMPLETADO','licencia_D55F58A5_17691999927072619395077529907093.jpg','placa_D55F58A5_17691999845997457935178738460697.jpg',27,27,'PROVEEDOR'),(40,'7B2C815F','A1110',7,1,'2026-01-24 01:34:47','2026-01-27 14:46:22','COMPLETADO','licencia_7B2C815F_17692004818474743213433333167496.jpg','placa_7B2C815F_17692004744988772198109197541506.jpg',27,27,'PROVEEDOR'),(41,'87DD265E','684941bmp',7,1,'2026-01-24 23:32:13','2026-01-28 08:57:25','COMPLETADO','licencia_87DD265E_17692794780034671985248153349112.jpg','placa_87DD265E_17692794612901806851185728550942.jpg',27,27,'PROVEEDOR'),(42,'F8B93E01','684941bmp',7,1,'2026-01-24 23:32:15','2026-01-24 23:49:03','COMPLETADO','licencia_F8B93E01_17692794780034671985248153349112.jpg','placa_F8B93E01_17692794612901806851185728550942.jpg',27,27,'PROVEEDOR'),(43,'8319DC36','Gtdj5',8,0,'2026-01-24 23:39:38','2026-01-27 07:44:38','COMPLETADO','licencia_8319DC36_17692799769647148335037140849885.jpg','placa_8319DC36_1769279964090874540880048405560.jpg',27,27,'OTRO'),(44,'A22BADA2','Tty5g5',9,0,'2026-01-24 23:43:52','2026-01-26 02:48:54','COMPLETADO','licencia_A22BADA2_1769280230563416531461955656730.jpg','placa_A22BADA2_17692801987636332748111226405355.jpg',27,27,'PROVEEDOR'),(46,'E78CA4E9','Bxjdj3',8,0,'2026-01-24 23:45:53','2026-01-24 23:48:50','COMPLETADO','licencia_E78CA4E9_17692803533702416997470883217397.jpg','placa_E78CA4E9_1769280345937678393445987006107.jpg',27,27,'PROVEEDOR'),(47,'DC3EAF3F','Bfuej4',10,0,'2026-01-26 02:15:16','2026-01-27 07:55:35','COMPLETADO','licencia_DC3EAF3F_17693757177944337083083017319919.jpg','placa_DC3EAF3F_17693757068153785767770903399123.jpg',27,27,'OTRO'),(48,'536C4587','Bdh3',8,1,'2026-01-26 02:16:07','2026-01-27 07:33:16','COMPLETADO','licencia_536C4587_17693757691867197076744897225522.jpg','placa_536C4587_17693757614868339190617059029672.jpg',27,27,'OTRO'),(49,'F8F7C5DE','45fgg',9,1,'2026-01-26 03:12:08',NULL,'SALIDA_PENDIENTE','licencia_F8F7C5DE_17693791281901061861685322561843.jpg','placa_F8F7C5DE_17693791202314484635925556590794.jpg',27,NULL,'PROVEEDOR'),(50,'C9397581','111111',7,0,'2026-01-27 15:43:25',NULL,'SALIDA_PENDIENTE','licencia_C9397581_17695106030556989210565518323363.jpg','placa_C9397581_17695105927276609164412803416243.jpg',27,NULL,'PROVEEDOR'),(52,'1C1644F1','Qqqqqqq1',8,1,'2026-01-29 12:54:01',NULL,'SALIDA_PENDIENTE','licencia_1C1644F1_17696732346425337572998861655474.jpg','placa_1C1644F1_17696732235993054500435718684378.jpg',27,NULL,'OTRO'),(53,'BC528657','Www',9,1,'2026-01-29 12:56:31',NULL,'SALIDA_PENDIENTE','licencia_BC528657_17696733799404109834988716342668.jpg','placa_BC528657_17696733699717026897499482143451.jpg',27,NULL,'PROVEEDOR'),(54,'ABDF1CAD','Hhh',7,0,'2026-01-29 13:05:20',NULL,'SALIDA_PENDIENTE','licencia_ABDF1CAD_17696739137764751576109081907398.jpg','placa_ABDF1CAD_1769673895555462760342320096758.jpg',27,NULL,'OTRO'),(55,'6726CA73','Vvv',8,1,'2026-01-29 13:05:55','2026-02-04 09:49:42','COMPLETADO','licencia_6726CA73_17696739335253569565083172836713.jpg','placa_6726CA73_17696739520614399023442011257559.jpg',27,27,'OTRO'),(56,'4153D70C','Aaa',9,1,'2026-01-29 13:14:19','2026-02-02 14:51:23','COMPLETADO','licencia_4153D70C_17696744514591258200226849302096.jpg','placa_4153D70C_1769674435101309637163708838445.jpg',27,104,'PROVEEDOR'),(57,'5AB95248','Kkk',9,1,'2026-01-29 14:03:11','2026-01-30 06:00:01','COMPLETADO','http://localhost:8080/uploads/registros/licencia_5AB95248_17696773933346525326312135884357.jpg','http://localhost:8080/uploads/registros/placa_5AB95248_17696773845624175157868976926006.jpg',27,27,'OTRO'),(58,'FE28221B','Ggg',8,1,'2026-01-29 14:32:51',NULL,'SALIDA_PENDIENTE','http://localhost:8080/uploads/registros/licencia_FE28221B_17696791741206037103631926605597.jpg','http://localhost:8080/uploads/registros/placa_FE28221B_17696791643628788596053473247777.jpg',27,NULL,'OTRO'),(59,'273D9532','Ññññ',9,1,'2026-01-29 14:48:41',NULL,'SALIDA_PENDIENTE','http://192.168.1.100:8080/uploads/registros/licencia_273D9532_17696801241135660193528847428273.jpg','http://192.168.1.100:8080/uploads/registros/placa_273D9532_1769680115255461830922470560846.jpg',27,NULL,'PROVEEDOR'),(60,'14CB8DF7','Vv',9,1,'2026-01-30 14:40:27','2026-02-02 12:17:01','COMPLETADO','http://192.168.1.100:8080/uploads/registros/licencia_14CB8DF7_17697660157881679906464428786331.jpg','http://192.168.1.100:8080/uploads/registros/placa_14CB8DF7_17697660061842926811130824223383.jpg',27,27,'PROVEEDOR'),(61,'C2962587','Zzz',7,1,'2026-02-01 14:56:09','2026-02-02 04:48:08','COMPLETADO','http://192.168.1.100:8080/uploads/registros/licencia_C2962587_17699397596388623331642379061765.jpg','http://192.168.1.100:8080/uploads/registros/placa_C2962587_17699397480413437941810147566700.jpg',105,27,'OTRO'),(62,'3CA66163','Gg',9,0,'2026-02-01 14:57:16',NULL,'SALIDA_PENDIENTE','http://192.168.1.100:8080/uploads/registros/licencia_3CA66163_17699398270134297287688201021359.jpg','http://192.168.1.100:8080/uploads/registros/placa_3CA66163_17699398167571097549483991851345.jpg',105,NULL,'OTRO'),(63,'529D68AC','Aa',8,1,'2026-02-04 11:40:26',NULL,'SALIDA_PENDIENTE','http://192.168.1.100:8080/uploads/registros/licencia_529D68AC_1770187215383283288254076610101.jpg','http://192.168.1.100:8080/uploads/registros/placa_529D68AC_17701872062877252457060403688206.jpg',105,NULL,'VISITANTE'),(64,'5BB851CA','Kiki',9,1,'2026-02-06 05:31:48','2026-02-06 05:32:30','COMPLETADO','http://192.168.1.100:8080/uploads/registros/licencia_5BB851CA_17703378962766181945732345084612.jpg','http://192.168.1.100:8080/uploads/registros/placa_5BB851CA_17703378832755606082249446654061.jpg',27,27,'VISITANTE');
/*!40000 ALTER TABLE `registros` ENABLE KEYS */;
UNLOCK TABLES;

--
-- Table structure for table `turnos`
--

DROP TABLE IF EXISTS `turnos`;
/*!40101 SET @saved_cs_client     = @@character_set_client */;
/*!50503 SET character_set_client = utf8mb4 */;
CREATE TABLE `turnos` (
  `id` bigint NOT NULL AUTO_INCREMENT,
  `nombre` varchar(50) NOT NULL,
  `inicio_hora` time NOT NULL,
  `fin_hora` time NOT NULL,
  `activo` tinyint(1) DEFAULT '1',
  PRIMARY KEY (`id`),
  KEY `idx_turnos_activo` (`activo`)
) ENGINE=InnoDB DEFAULT CHARSET=utf8mb4 COLLATE=utf8mb4_0900_ai_ci;
/*!40101 SET character_set_client = @saved_cs_client */;

--
-- Dumping data for table `turnos`
--

LOCK TABLES `turnos` WRITE;
/*!40000 ALTER TABLE `turnos` DISABLE KEYS */;
/*!40000 ALTER TABLE `turnos` ENABLE KEYS */;
UNLOCK TABLES;

--
-- Table structure for table `usuarios`
--

DROP TABLE IF EXISTS `usuarios`;
/*!40101 SET @saved_cs_client     = @@character_set_client */;
/*!50503 SET character_set_client = utf8mb4 */;
CREATE TABLE `usuarios` (
  `id` bigint NOT NULL AUTO_INCREMENT,
  `username` varchar(50) NOT NULL,
  `password_hash` varchar(255) NOT NULL,
  `role` varchar(20) NOT NULL,
  `activo` tinyint(1) DEFAULT '1',
  `creado_en` timestamp NULL DEFAULT CURRENT_TIMESTAMP,
  `actualizado_en` timestamp NULL DEFAULT CURRENT_TIMESTAMP ON UPDATE CURRENT_TIMESTAMP,
  `actualizado_por` varchar(50) DEFAULT NULL,
  `creado_por` varchar(50) DEFAULT NULL,
  `email` varchar(150) DEFAULT NULL,
  `nombre_completo` varchar(255) DEFAULT NULL,
  `telegram_id` varchar(255) DEFAULT NULL,
  PRIMARY KEY (`id`),
  UNIQUE KEY `username` (`username`),
  UNIQUE KEY `idx_usuarios_username` (`username`)
) ENGINE=InnoDB AUTO_INCREMENT=111 DEFAULT CHARSET=utf8mb4 COLLATE=utf8mb4_0900_ai_ci;
/*!40101 SET character_set_client = @saved_cs_client */;

--
-- Dumping data for table `usuarios`
--

LOCK TABLES `usuarios` WRITE;
/*!40000 ALTER TABLE `usuarios` DISABLE KEYS */;
INSERT INTO `usuarios` VALUES (18,'admin3','$2a$10$jDAGjSsiXlCklYbXvtcyN.DWFzbwnoeZl38F.vIXIJoW5pMfJduda','GERENTE_ADMIN',0,'2026-01-04 13:30:32','2026-01-07 22:42:29',NULL,NULL,NULL,'',NULL),(26,'00','$2a$10$zrodzm0Zr8dMmQEyYPaZrO69UBfcj/4oMBILtd6MmDTgHtK7w460y','GERENTE_ADMIN',1,'2026-01-04 14:37:30','2026-01-07 22:17:31',NULL,NULL,NULL,'',NULL),(27,'000','$2a$10$gzA.09IhtNF/mgYivdQFd.lu4isUOn3wYaV3FhSfrcfnarH9g2awu','MASTER_ADMIN',1,'2026-01-04 14:37:39','2026-01-08 17:06:24',NULL,NULL,NULL,'',NULL),(29,'ga7','$2a$10$aLrC/WfuTcRU0Z2yaB5B3OoeB.g2QXFBOkeLxUBpLMFIEhhpDrWGm','GUARDIA',0,'2026-01-04 15:31:23','2026-01-07 22:37:57','admin','admin',NULL,'',NULL),(45,'66666m','$2a$10$SpTOfS3weexM2bQiJMbEr.uQ61UMui2c161ZNlHm0skiYBKLjSe/q','GERENTE_ADMIN',1,'2026-01-05 08:22:47','2026-01-08 16:57:28','5','5',NULL,'',NULL),(50,'100','$2a$10$paQDAx9Qa3cngfM09ETTMOprGZVQHHq6EE43pQax2GPmNzwpVpYs.','GUARDIA',1,'2026-01-05 10:27:07','2026-01-05 10:27:07','admin','admin',NULL,'',NULL),(51,'101','$2a$10$AXRcm/2uHHjeGoBzhEE.8edpvg2/LTeCQEEpNL.o4mP2PC912GPIW','GERENTE_ADMIN',1,'2026-01-05 10:27:24','2026-01-05 10:27:24','admin','admin',NULL,'',NULL),(52,'102','$2a$10$mTM64FftpE220HRaYC6XeeaiuQ2jtQ63EFngZFcp3Uk.4mq7YoTDi','MASTER_ADMIN',1,'2026-01-05 10:27:39','2026-01-05 10:27:39','admin','admin',NULL,'',NULL),(55,'hhhhhhhhj','$2a$10$vWhyPA1jw9CKtFgxsjF9yueMRbmGBCTEJ9OIb8u.bpm1L9N4ib7N.','GERENTE_ADMIN',0,'2026-01-05 12:04:03','2026-01-08 03:35:54','admin1','admin1',NULL,'',NULL),(56,'ffff','$2a$10$kk9iZX9Va64i2wHVcyDiOuTbkgy/6Qb5v1PZDXClFJYrKpYLaupum','GUARDIA',1,'2026-01-05 14:41:15','2026-01-05 14:41:15','admin1','admin1',NULL,NULL,NULL),(57,'santo','$2a$10$ruvXP9WkBD21qvWfN0K19OnhF7v/VFciOEi3WnSxgVkg0Mix3gdAW','GUARDIA',1,'2026-01-05 14:42:12','2026-01-05 14:42:12','admin1','admin1',NULL,NULL,NULL),(61,'wsdo','$2a$10$GrkhncWEhjZ/1M/3tPL61.Pijopu.N0Pl1Vmo/WaHQm.re/PNQlbW','GUARDIA',1,'2026-01-05 23:10:51','2026-01-05 23:10:51','cuba','cuba',NULL,NULL,NULL),(62,'gb','$2a$10$XVjRMWlGR7Z.d6F8k61BeOHUMQ/MtJ.Nkoha/yvp9T5i1oj0vPgiu','GUARDIA',1,'2026-01-06 03:38:53','2026-01-07 00:10:49','000','5',NULL,NULL,NULL),(64,'XXXx','$2a$10$a5wlVRDdNdy5yIEryuMlx.Yp8I0XBWbX3rQGkv7RgUByEaut3kLOm','GUARDIA',1,'2026-01-06 05:58:49','2026-01-06 05:58:49','5','5',NULL,NULL,NULL),(66,'bbbbb','$2a$10$qmov92bJEIJz0MpX6CfVkubjQQ62tV24.efUZsr1c1AEppPdXy0b6','GUARDIA',1,'2026-01-06 06:10:11','2026-01-06 06:10:11','5','5',NULL,NULL,NULL),(71,'admin','$2a$10$2E061Hf9hJD6zOYMKeJ4z.P.ucKb1Ky.JkHeE7yx9BT8sHqCMvDHG','MASTER_ADMIN',1,'2026-01-06 16:59:44','2026-01-06 16:59:44',NULL,NULL,NULL,NULL,NULL),(75,'111111','$2a$10$U.hpln0Rnjf2a/BQlVbixO6vdLiaG0EQt/NNfNW72icsjfgKRkXbC','MASTER_ADMIN',1,'2026-01-06 17:23:55','2026-01-06 17:23:55','000','000',NULL,NULL,NULL),(78,'adminsys','$2a$10$dNEOHzoDubHQmtNQs/fU/uDM3S0jVxkLuZwY.bJkAR4lOSsI722li','MASTER_ADMIN',1,'2026-01-07 00:39:48','2026-02-05 18:18:31','000','000',NULL,NULL,NULL),(99,'san1','$2a$10$lBOtQD0SBePG6ajJPTrB1.wWqos3AdxvKCTG8QEpU2QxPXCXgmWAS','MASTER_ADMIN',1,'2026-01-10 13:54:33','2026-02-04 11:33:16','000','000',NULL,NULL,NULL),(104,'Daineris','$2a$10$uP./Uuq8/POxY8A0x4nMAuqvHL64RV42sUn0nra7e7lF1B9SnAz0q','GUARDIA',0,'2026-02-01 00:03:57','2026-02-04 11:33:47','00','000',NULL,NULL,NULL),(105,'Abany3yo','$2a$10$sdeQ93mA/LZ4Qlm4S.K8Me/tfTXYJ1dMVdf0llzxNFcduHFKKQoMi','MASTER_ADMIN',1,'2026-02-01 13:40:56','2026-02-01 13:42:53','000','000',NULL,NULL,'7806277615'),(107,'gerente','$2a$10$89lzhYhBn6l6Efjk3locFuZskVtLwcPYX4aPSw31Yscc3Z/wlNsdi','MASTER_ADMIN',1,'2026-02-02 14:44:49','2026-02-02 14:46:06','000','000',NULL,NULL,NULL);
/*!40000 ALTER TABLE `usuarios` ENABLE KEYS */;
UNLOCK TABLES;
/*!40103 SET TIME_ZONE=@OLD_TIME_ZONE */;

/*!40101 SET SQL_MODE=@OLD_SQL_MODE */;
/*!40014 SET FOREIGN_KEY_CHECKS=@OLD_FOREIGN_KEY_CHECKS */;
/*!40014 SET UNIQUE_CHECKS=@OLD_UNIQUE_CHECKS */;
/*!40101 SET CHARACTER_SET_CLIENT=@OLD_CHARACTER_SET_CLIENT */;
/*!40101 SET CHARACTER_SET_RESULTS=@OLD_CHARACTER_SET_RESULTS */;
/*!40101 SET COLLATION_CONNECTION=@OLD_COLLATION_CONNECTION */;
/*!40111 SET SQL_NOTES=@OLD_SQL_NOTES */;

-- Dump completed on 2026-02-06 22:19:36
